<changelogs>
	<changelog>
		<element>mod_cg_avisclient</element>
		<type>Module</type>
		<version>2.2.0</version>
        <note>
            <item>Update : 04/03/2025</item>
        </note>
        <fix>
            <item>Joomla 5.3 compatibility : getQuery to createQuery</item>
        </fix>
	</changelog>
	<changelog>
		<element>mod_cg_avisclient</element>
		<type>Module</type>
		<version>2.1.2</version>
        <note>
            <item>Update : 30/07/2023</item>
        </note>
        <fix>
            <item>$lang undefined in install script</item>
        </fix>
	</changelog>
	<changelog>
		<element>pkg_cg_avis_client</element>
		<type>package</type>
		<version>2.1.2</version>
        <note>
            <item>Update : 2023-07-24</item>
        </note>
        <fix>
            <item>Invalid version number in manifest file</item>
        </fix>
	</changelog>
	<changelog>
		<element>mod_cg_avisclient</element>
		<type>Module</type>
		<version>2.1.1</version>
        <note>
            <item>Update : 24/07/2023</item>
        </note>
        <fix>
            <item>use Joomla\Filesystem instead of Joomla\CMS\Filesystem classes in script.php</item>
        </fix>
	</changelog>
	<changelog>
		<element>mod_cg_avisclient</element>
		<type>Module</type>
		<version>2.1.0</version>
        <note>
            <item>Update : 17/07/2023</item>
        </note>
        <fix>
            <item>Joomla 5.x compatibility</item>
        </fix>
	</changelog>
	<changelog>
		<element>mod_cg_avisclient</element>
		<type>Module</type>
		<version>2.0.2</version>
        <note>
            <item>Update : 23/04/2022</item>
        </note>
        <fix>
            <item>Affichage du filtrage</item>
        </fix>
	</changelog>
	<changelog>
		<element>mod_cg_avisclient</element>
		<type>Module</type>
		<version>2.0.0</version>
        <note>
            <item>Update : 25/09/2021</item>
        </note>
        <addition>
            <item>Joomla 4.0 compatibility</item>
        </addition>
	</changelog>
</changelogs>
