<changelogs>
	<changelog>
		<element>mod_cg_avisclient</element>
		<type>Module</type>
		<version>2.1.0</version>
        <note>
            <item>Update : 17/07/2023</item>
        </note>
        <fix>
            <item>Joomla 5.x compatibility</item>
        </fix>
	</changelog>
	<changelog>
		<element>mod_cg_avisclient</element>
		<type>Module</type>
		<version>2.0.2</version>
        <note>
            <item>Update : 23/04/2022</item>
        </note>
        <fix>
            <item>Affichage du filtrage</item>
        </fix>
	</changelog>
	<changelog>
		<element>mod_cg_avisclient</element>
		<type>Module</type>
		<version>2.0.0</version>
        <note>
            <item>Update : 25/09/2021</item>
        </note>
        <addition>
            <item>Joomla 4.0 compatibility</item>
        </addition>
	</changelog>
</changelogs>
