<?xml version="1.0" encoding="utf-8"?>
<extension type="component" version="4.0" method="upgrade">
	<name>CG Avis Client</name>
	<creationDate>2025-09-25</creationDate>
	<author>ConseilGouz</author>
	<authorEmail>pascal.leconte@conseilgouz.com</authorEmail>
	<authorUrl>www.conseilgouz.com</authorUrl>
	<copyright>Copyright (C) 2025 ConseilGouz.com. All Rights Reserved</copyright>
	<license>GNU/GPL Version 3 or later - http://www.gnu.org/licenses/gpl-3.0.html</license>
	<version>2.5.2</version>
	<namespace path="src">ConseilGouz\Component\CGAvisClient</namespace>
	<scriptfile>script.php</scriptfile>
	<description><![CDATA[
		<h1>CG Avis Client</h1>
		<div style="clear: both;"></div>
		<p>Affichage en mode isotope des avis client. <strong>Pour Joomla 4.x/5x.</strong></p>
		<p>A partir de Testimonies d' omegatheme</a>
	]]></description>
	<install>
		<sql>
			<file driver="mysql" charset="utf8">sql/install.mysql.utf8.sql</file>
		</sql>
	</install>
	<uninstall>
		<sql>
			<file driver="mysql" charset="utf8">sql/uninstall.mysql.utf8.sql</file>
		</sql>
	</uninstall>
	<languages folder="site">
		<language tag="fr-FR">language/fr-FR/com_cgavisclient.ini</language>
		<language tag="fr-FR">language/fr-FR/com_cgavisclient.sys.ini</language>
		<language tag="en-GB">language/en-GB/com_cgavisclient.ini</language>
		<language tag="en-GB">language/en-GB/com_cgavisclient.sys.ini</language>
	</languages>
    <files folder="site">
		<folder>forms</folder>
		<folder>src</folder>
		<folder>tmpl</folder>
		<filename>index.html</filename>
    </files>
	<media destination="com_cgavisclient" folder="media">
		<folder>fonts</folder>
		<folder>images</folder>
		<folder>css</folder>
		<filename>index.html</filename>
	</media>
	
	<administration>
		<menu>COM_CGAVISCLIENT_MENU</menu>
        <submenu>
            <menu link="option=com_cgavisclient&amp;view=items" view="items">COM_CGAVISCLIENT_SUBMENU_ITEMS</menu>
            <menu link="option=com_categories&amp;extension=com_cgavisclient" view="categories">COM_CGAVISCLIENT_SUBMENU_CATEGORIES</menu>
        </submenu>
		
		<files folder="admin">
			<filename>access.xml</filename>
			<filename>config.xml</filename>
			<filename>index.html</filename>
			<folder>services</folder>
			<folder>src</folder>
			<folder>layouts</folder>
			<folder>forms</folder>
			<folder>sql</folder>
			<folder>tmpl</folder>
		</files>
		<languages folder="admin">
			<language tag="fr-FR">language/fr-FR/com_cgavisclient.ini</language>
			<language tag="fr-FR">language/fr-FR/com_cgavisclient.sys.ini</language>
			<language tag="en-GB">language/en-GB/com_cgavisclient.ini</language>
			<language tag="en-GB">language/en-GB/com_cgavisclient.sys.ini</language>
		</languages>

	</administration>
</extension>